{
    "Worker_8": 8.0017233,
    "Worker_15": 15.0071951,
    "Worker_18": 18.005245600000002,
    "Worker_12": 12.003138400000001,
    "Worker_19": 19.0130513,
    "Worker_7": 7.012794,
    "Worker_14": 14.0073235,
    "Worker_16": 16.012074300000002,
    "Total sum": 109.0625455,
    "Total No of threads": 10,
    "Average thread time": 1.0
}